model,k,silhouette,ARI,NMI,purity
Audio VAE latents,7,0.15892353653907776,0.059807183687398686,0.33567855637872834,0.6
Lyrics VAE latents (paired),7,0.12440599501132965,0.03964973107525448,0.3140052896436682,0.5666666666666667
Multimodal latents (paired),7,0.15892229974269867,0.059807183687398686,0.33567855637872834,0.6
PCA + KMeans (audio latents),7,0.21769699454307556,-0.035440359693202854,0.28218783030828354,0.5333333333333333
Autoencoder + KMeans (audio latents),7,0.24445386230945587,0.03590425531914894,0.3167600318298062,0.5333333333333333
Raw MFCC + KMeans,7,0.16129960119724274,-0.017005603228713608,0.30866459629841664,0.5333333333333333
