{
  "k": 5,
  "silhouette": 0.13270767033100128,
  "calinski_harabasz": 825.8500159691599
}